msg_len,throughput
32,66.82568161829376
64,81.62077922077921
128,100.81400673400674
256,120.39456310679611
512,136.2613545816733
1024,136.38886537522382
