msg_len,throughput
32,69.64326306141155
64,86.68689655172413
128,100.74616419919246
256,120.336147501213
512,133.6
1024,136.34447518307567
