msg_len,throughput
32,71.34347417840375
64,81.35663430420712
128,96.96165803108809
256,117.37472787505915
512,134.61120193763244
1024,135.50651787158338
