msg_len,throughput
32,71.95151515151515
64,82.08718367346938
128,97.59374185136897
256,117.93285782215882
512,132.1309955423477
1024,135.46270008084076
