msg_len,throughput
16,85.06456692913386
32,79.57399380804954
64,83.48374384236453
128,100.5568
256,118.55303354746609
512,139.3177684013127
1024,155.27729039422542
