msg_len,throughput
16,84.89744597249509
32,73.96374100719424
64,86.5757343550447
128,101.47003027245208
256,118.13143669985774
512,139.3177684013127
1024,155.36355555555556
