msg_len,throughput
16,75.67915936952714
32,65.5673469387755
64,79.93962264150943
128,96.2266028708134
256,113.0652144315861
512,137.32199630314233
1024,153.7830079736046
