msg_len,throughput
16,76.34770318021201
32,66.41447028423772
64,81.28153477218225
128,96.87552986512523
256,113.99643102264929
512,137.7037998146432
1024,153.82530253025303
